{
  "Andhra Pradesh": ["Hyderabad", "Visakhapatnam", "Vijayawada", "Guntur", "Nellore", "Kurnool", "Rajahmundry", "Tirupati"],
  "Arunachal Pradesh": ["Itanagar", "Naharlagun", "Pasighat", "Tawang", "Bomdila"],
  "Assam": ["Guwahati", "Silchar", "Dibrugarh", "Jorhat", "Nagaon", "Tinsukia", "Tezpur"],
  "Bihar": ["Patna", "Gaya", "Bhagalpur", "Muzaffarpur", "Purnia", "Darbhanga", "Arrah", "Katihar"],
  "Chhattisgarh": ["Raipur", "Bhilai", "Bilaspur", "Korba", "Durg", "Rajpur", "Raigarh"],
  "Goa": ["Panaji", "Margao", "Vasco da Gama", "Mapusa", "Ponda"],
  "Gujarat": ["Ahmedabad", "Surat", "Vadodara", "Rajkot", "Bhavnagar", "Jamnagar", "Gandhinagar", "Anand"],
  "Haryana": ["Faridabad", "Gurgaon", "Panipat", "Ambala", "Yamunanagar", "Rohtak", "Hisar", "Karnal"],
  "Himachal Pradesh": ["Shimla", "Mandi", "Dharamshala", "Solan", "Bilaspur", "Kullu", "Manali"],
  "Jharkhand": ["Ranchi", "Jamshedpur", "Dhanbad", "Bokaro", "Hazaribagh", "Deoghar", "Giridih"],
  "Karnataka": ["Bangalore", "Mysore", "Hubli", "Mangalore", "Belgaum", "Gulbarga", "Davangere", "Shimoga"],
  "Kerala": ["Kochi", "Thiruvananthapuram", "Kozhikode", "Thrissur", "Kollam", "Kannur", "Alappuzha", "Palakkad"],
  "Madhya Pradesh": ["Bhopal", "Indore", "Gwalior", "Jabalpur", "Ujjain", "Sagar", "Ratlam", "Rewa", "Satna", "Burhanpur"],
  "Maharashtra": ["Mumbai", "Pune", "Nagpur", "Nashik", "Aurangabad", "Solapur", "Amravati", "Kolhapur", "Sangli"],
  "Manipur": ["Imphal", "Thoubal", "Kakching", "Churachandpur"],
  "Meghalaya": ["Shillong", "Tura", "Jowai", "Nongpoh"],
  "Mizoram": ["Aizawl", "Lunglei", "Saiha", "Champhai"],
  "Nagaland": ["Kohima", "Dimapur", "Mokokchung", "Tuensang"],
  "Odisha": ["Bhubaneswar", "Cuttack", "Rourkela", "Berhampur", "Sambalpur", "Puri"],
  "Punjab": ["Ludhiana", "Amritsar", "Jalandhar", "Patiala", "Bathinda", "Pathankot", "Hoshiarpur"],
  "Rajasthan": ["Jaipur", "Jodhpur", "Kota", "Bikaner", "Ajmer", "Udaipur", "Bhilwara", "Alwar"],
  "Sikkim": ["Gangtok", "Namchi", "Mangan", "Gyalshing"],
  "Tamil Nadu": ["Chennai", "Coimbatore", "Madurai", "Tiruchirappalli", "Salem", "Tirunelveli", "Erode", "Vellore"],
  "Telangana": ["Hyderabad", "Warangal", "Nizamabad", "Karimnagar", "Ramagundam", "Khammam"],
  "Tripura": ["Agartala", "Udaipur", "Dharmanagar", "Kailasahar"],
  "Uttar Pradesh": ["Lucknow", "Kanpur", "Agra", "Varanasi", "Allahabad", "Meerut", "Ghaziabad", "Noida", "Bareilly", "Aligarh"],
  "Uttarakhand": ["Dehradun", "Haridwar", "Roorkee", "Haldwani", "Rudrapur", "Kashipur"],
  "West Bengal": ["Kolkata", "Howrah", "Durgapur", "Asansol", "Siliguri", "Bardhaman", "Malda", "Kharagpur"]
}

